<?xml version="1.0" encoding="UTF-8"?>
<entity-mappings xmlns="http://xmlns.jcp.org/xml/ns/persistence/orm"
                 xmlns:xsi="http://www.w3.org/2001/XMLSchema-instance"
                 xsi:schemaLocation="http://xmlns.jcp.org/xml/ns/persistence/orm
          http://xmlns.jcp.org/xml/ns/persistence/orm_2_2.xsd"
                 version="2.2">
    
    
    <entity class="org.milaifontanals.model.Rol" access="FIELD" metadata-complete="true">
        <table name="ROL"/>    
        <named-query name="foundRol">
            <query>select r from Rol r</query>
        </named-query>  
        <attributes>
            <id name="id">
                <column name="id_rol"/>
            </id>
            <basic name="nom" optional="false">
                <column name="NOM"/>
            </basic>
            
        </attributes>
    </entity>

</entity-mappings>